geo,name,1991,1992,1993,1994,1995,1996,1997,1998,1999,2000,2001,2002,2003,2004,2005,2006,2007,2008,2009,2010,2011,2012,2013,2014,2015,2016,2017,2018,2019,2020,2021,2022,2023
afg,Afghanistan,,,,,,,,,,,,,,,,,63,64,63,66,68,66,64,63,64,65,63,67,65,61,55,58,60
ago,Angola,,,,,,,,,,,,,,,,,43,45,47,49,50,52,54,55,59,59,56,63,57,51,45,42,54
alb,Albania,,,,,,,,,,96,96,96,97,99,98,98,98,99,98,99,99,99,99,98,99,98,99,99,99,98,98,97,97
and,Andorra,,,,,,,,55,80,,,,,,,,,,,,,,,,,,,,,,,,
are,UAE,,,,,,,,,94,92,92,92,92,92,92,92,92,92,93,94,95,96,98,99,99,99,98,99,98,91,95,95,96
arg,Argentina,,,,,,,,49,86,,,66,73,81,88,84,85,90,94,94,91,91,94,94,94,92,86,86,83,74,81,84,66
arm,Armenia,,,,,,,,,,55,69,91,93,91,91,78,85,89,93,94,95,95,95,93,94,94,94,92,92,92,93,96,94
aus,Australia,,,,,,,77,82,87,,,,,,,,,,,,,,,,,,,,,,,,
aut,Austria,,,,,,,,,74,,,,,,,,,,,,,,,,,,,,,,,,
aze,Azerbaijan,,,,,,,,,,,,50,51,50,49,52,62,68,74,80,84,88,93,94,96,97,95,95,94,79,89,83,83
bdi,Burundi,,,,,,,,,,,,,,83,87,92,99,92,94,96,96,96,96,95,94,94,91,90,93,93,94,91,89
bel,Belgium,,,20,16,13,10,6,33,59,,,,,,,,,,,,,,,,,,,,,,,,
ben,Benin,,,,,,,,,,,,15,73,75,70,74,82,75,79,76,75,80,77,74,74,76,75,73,72,70,70,69,69
bfa,Burkina Faso,,,,,,,,,,,,,,,,76,89,93,92,91,91,90,88,91,91,91,91,91,91,91,91,93,94
bgd,Bangladesh,,,,,,,,,,,,,5,11,45,86,95,96,97,94,96,94,96,97,98,98,98,98,98,98,98,98,98
bgr,Bulgaria,,,,,,,,,,94,93,88,96,94,96,96,95,96,96,95,96,95,95,95,92,91,92,85,93,91,89,91,92
bhr,Bahrain,,,,,,,,39,96,,,,,,,,,,,,,,,,,,,,,,,,
bhs,Bahamas,,,,,,,,,78,,,,,,,,,,,,,,,,,,,,,,,,
bih,Bosnia and Herzegovina,,,,,,,,,,,,,,36,93,90,94,88,90,89,88,92,91,89,82,78,77,80,80,79,79,78,77
blr,Belarus,,,,,,,,,,70,93,99,56,99,99,98,91,98,98,96,98,97,98,97,99,96,98,98,97,97,98,98,97
blz,Belize,,,,,,,,,,76,96,97,96,97,96,98,96,94,97,96,95,98,95,95,94,95,88,96,98,79,83,84,85
bol,Bolivia,,,,,,,,,,77,77,77,80,84,85,83,84,88,93,91,95,93,87,85,89,87,84,83,75,68,70,69,67
bra,Brazil,,,,,,,,,,94,91,92,97,96,98,99,99,96,99,96,98,96,96,96,96,89,82,87,72,77,68,77,90
brn,Brunei,,,,,,,,,,99,99,99,99,99,99,99,97,96,96,96,93,99,98,99,99,99,99,99,99,99,99,99,99
btn,Bhutan,,,,,,,,,,98,89,83,95,89,95,95,95,96,93,91,95,97,97,99,99,98,98,97,97,96,98,98,99
bwa,Botswana,,,,,,,,,,86,87,88,90,91,92,93,93,94,94,95,95,95,95,95,95,95,95,95,95,95,95,86,95
caf,Central African Republic,,,,,,,,,,,,,,,,,,,42,45,47,47,23,45,43,42,42,42,42,42,42,42,42
can,Canada,,,,,,84,87,88,88,,,,,,,,,,,,,,,,,,,,,,,,
che,Switzerland,,,,,,,,77,91,,,,,,,,,,,,,,,,,,,,,,,,
chl,Chile,,,,,,91,90,90,95,,,,,,,95,92,95,94,92,94,90,90,95,97,95,93,95,96,93,95,96,96
chn,China,,,,,,,,,,60,65,70,75,79,84,91,92,95,99,99,99,99,99,99,99,99,99,99,99,99,99,99,97
civ,Cote d'Ivoire,,,,,,,,,,,10,48,63,67,76,77,76,74,81,79,62,82,75,73,79,87,83,83,79,72,73,73,79
cmr,Cameroon,,,,,,,,,,,,,,,79,81,82,84,80,84,82,85,76,76,76,78,74,68,67,68,71,71,75
cod,"Congo, Dem. Rep.",,,,,,,,,,,,,,,,,65,68,71,60,70,71,71,73,70,70,71,71,73,70,65,65,60
cog,"Congo, Rep.",,,,,,,,,,,,,,,,,64,73,75,74,70,62,85,90,80,71,69,75,79,73,77,78,78
col,Colombia,,,,,,,,62,64,78,80,78,92,89,93,93,94,92,92,88,85,92,91,90,91,91,92,92,92,88,86,87,90
com,Comoros,,,,,,,,,,,,,28,77,68,69,75,81,83,74,83,86,83,80,80,75,79,77,78,74,72,78,75
cpv,Cape Verde,,,,,,,,,,,,40,66,91,93,95,96,98,98,98,90,94,93,95,93,96,96,98,96,93,93,93,93
cri,Costa Rica,,,,,,,,26,68,89,80,94,86,89,90,88,89,89,87,89,84,91,94,91,92,97,97,98,94,91,87,94,98
cub,Cuba,,,,,,,,,99,98,98,98,99,99,95,89,93,95,96,96,96,96,96,97,99,99,99,99,99,99,99,99,99
cze,Czech Republic,,,,,,,,,,,,86,92,98,99,98,99,99,99,99,99,99,99,99,97,96,94,96,97,96,94,94,94
deu,Germany,60,74,80,82,85,88,88,90,92,,,,,,,,,,,,,,,,,,,,,,,,
dji,Djibouti,,,,,,,,,,,,,,,,,25,88,89,88,87,81,82,78,84,68,76,84,85,70,59,59,72
dma,Dominica,,,,,,,,,,,,,,,,7,93,96,99,98,98,97,96,97,98,99,91,94,99,97,92,82,56
dnk,Denmark,,,82,88,78,93,99,97,95,,,,,,,,,,,,,,,,,,,,,,,,
dom,Dominican Republic,,,,,,,,,,68,66,63,79,82,87,84,81,81,80,83,80,74,80,89,81,80,81,84,87,81,83,87,90
dza,Algeria,,,,,,,,,,,,,,81,83,80,90,91,94,95,95,95,95,95,95,91,91,91,88,84,81,77,94
ecu,Ecuador,,,,,,,,,,36,69,75,82,88,92,96,94,93,91,90,88,88,87,83,78,83,85,85,85,70,68,70,70
egy,Egypt,,,,,,,,,,98,99,97,98,97,98,98,98,97,97,97,96,93,97,94,93,95,94,95,95,94,96,97,96
eri,Eritrea,,,,,,,,,,,,86,91,84,96,94,95,95,95,95,94,94,94,94,95,95,95,95,95,95,95,95,95
esp,Spain,,,,,,,,82,82,,,,,,,,,,,,,,,,,,,,,,,,
est,Estonia,,,,,,,,,,,,,,90,95,95,95,94,95,94,94,94,93,93,91,93,92,93,91,90,84,84,84
eth,Ethiopia,,,,,,,,,,,,,,,,,47,52,56,62,65,62,59,61,63,66,68,67,68,71,65,65,72
fin,Finland,,97,97,93,94,96,96,96,96,96,96,96,96,96,98,98,97,98,98,99,99,99,98,98,97,92,89,91,91,90,89,91,91
fji,Fiji,,,,,,,98,98,98,98,98,99,99,99,99,99,99,98,99,98,99,99,99,99,99,95,91,94,97,99,99,99,99
fra,France,,,,,,,,79,85,26,28,29,28,35,35,39,42,47,51,64,74,78,82,83,88,90,90,91,93,95,95,96,96
fsm,"Micronesia, Fed. Sts.",,,,,,,,,40,87,81,85,89,80,91,84,90,89,89,88,83,82,83,81,78,76,80,83,84,88,79,75,85
gab,Gabon,,,,,,,,,,,,,,,28,52,75,82,79,67,75,82,79,70,80,75,75,70,70,63,75,60,70
gbr,UK,,,89,93,94,95,92,91,92,,,,,,,,,,,,,,,,,,,,,,,,
geo,Georgia,,,,,,,,,,55,61,51,48,64,79,84,94,89,54,95,89,92,96,91,94,92,91,93,94,88,85,85,93
gha,Ghana,,,,,,,,,,,,80,80,80,84,84,94,93,94,94,91,92,90,98,88,93,99,97,97,94,98,99,95
gin,Guinea,,,,,,,,,,,,,,,,,57,57,57,64,63,57,50,44,47,47,47,47,47,47,47,47,47
gmb,Gambia,,,,,,,,97,94,91,91,92,94,95,95,95,97,98,97,97,96,98,97,96,97,95,92,93,88,85,82,79,84
gnb,Guinea-Bissau,,,,,,,,,,,,,,,,,,,80,82,89,87,87,86,86,85,79,82,78,74,67,74,74
gnq,Equatorial Guinea,,,,,,,,,,,,,,,,,,,,,,,,53,40,53,56,59,62,64,67,70,74
grc,Greece,,,,2,19,36,54,71,88,,,,,,,,,,,,,,,,,,,,,,,,
gtm,Guatemala,,,,,,,,,,,,,,,87,89,85,95,92,94,88,96,96,74,70,83,91,85,88,90,80,81,83
guy,Guyana,,,,,,,,,,,85,91,90,91,93,93,94,93,98,95,93,97,98,98,95,97,97,95,99,99,98,98,98
hnd,Honduras,,,,,,,,,,93,95,94,91,93,97,94,93,92,97,97,97,98,99,99,98,95,90,91,88,80,77,78,73
hrv,Croatia,,,,,,,,,,,,,,,,,94,97,97,97,96,96,96,95,94,92,92,93,93,91,90,90,92
hti,Haiti,,,,,,,,,,,,,,,,,,,,,,,68,63,64,64,64,64,51,51,51,51,51
hun,Hungary,,,,,,,,,99,99,99,99,99,99,99,99,99,99,99,99,99,99,99,99,99,99,99,99,99,99,99,99,99
idn,Indonesia,,,,,,,,,,65,62,63,64,64,65,66,76,82,82,83,81,86,92,88,84,84,85,85,85,77,67,91,83
ind,India,,,,,,,,,,,,,,6,8,6,6,29,37,38,44,73,70,79,87,88,89,90,91,85,85,93,91
irl,Ireland,,,,,,,76,84,86,,,,,,,,,,,46,95,95,95,95,95,95,95,94,93,94,93,93,93
irn,Iran,,,,,,,,,,99,94,99,98,95,94,98,97,99,99,99,99,98,99,99,98,99,99,99,99,99,98,99,99
irq,Iraq,,,,,,,,,,67,66,65,63,62,65,59,56,66,75,72,78,65,68,69,68,71,81,86,84,74,78,93,91
isl,Iceland,99,99,99,99,99,99,99,99,98,,,,,,,,,,,,,,,,,,,,,,,,
isr,Israel,,,,92,93,92,92,94,93,,,,,,,,,,,,,,,,,,,,,,,,
jam,Jamaica,,,,,,,,,,,,,36,98,99,97,92,92,90,94,92,96,93,92,91,98,93,97,96,95,89,98,98
jor,Jordan,,,,,,,,,,93,97,95,97,95,95,98,98,97,98,98,98,98,98,98,99,98,99,96,89,77,85,92,96
jpn,Japan,,,,,,,,,,,,,,,,,,,,,,,,,,,,,99,92,96,96,95
kaz,Kazakhstan,,,,,,,,,,99,95,95,99,99,94,99,94,99,99,99,99,95,99,95,98,82,99,98,97,88,95,99,97
ken,Kenya,,,,,,,,,,,,84,73,73,76,80,81,88,88,90,96,94,87,92,89,88,81,91,93,93,95,94,93
kgz,Kyrgyz Republic,,,,,,,,,,44,57,99,99,99,97,90,94,97,96,96,96,96,97,96,97,96,92,94,95,86,89,90,87
khm,Cambodia,,,,,,,,,,,,,,,,80,82,91,92,91,91,91,86,90,91,91,90,89,88,87,87,85,85
kir,Kiribati,,,,,,,,,,90,85,79,73,67,50,88,96,83,86,91,95,94,95,75,82,81,90,95,97,92,90,91,90
kna,St. Kitts and Nevis,,,,,,,,,,99,99,96,99,96,99,99,99,98,97,96,98,98,97,98,94,98,98,98,97,99,96,96,97
kor,South Korea,,,,,,,,,,93,89,92,91,92,99,99,91,94,94,94,99,99,99,99,98,98,98,98,98,98,98,97,97
kwt,Kuwait,,,,,,,,94,94,95,99,99,99,94,99,99,99,99,99,99,99,98,99,96,99,99,99,91,92,93,94,96,99
lao,Lao,,,,,,,,,,,,,50,45,49,57,50,61,67,74,76,77,83,83,83,83,84,85,80,79,75,80,84
lbr,Liberia,,,,,,,,,,,,,,,,,,75,81,70,77,80,80,63,65,73,80,80,70,65,66,78,82
lby,Libya,,,,,,,,,,92,93,91,96,99,97,98,98,98,98,98,98,98,96,94,97,97,96,73,73,73,73,73,73
lca,St. Lucia,,,,,,,,,,,,14,84,91,95,85,99,96,95,97,99,98,99,99,99,95,80,95,92,86,80,81,74
lka,Sri Lanka,,,,,,,,,,,,,32,62,99,98,98,98,97,99,99,99,99,99,99,99,99,99,99,96,96,98,99
lso,Lesotho,,,,,,,,,,,,,17,60,87,91,90,88,91,93,96,95,93,88,83,87,87,87,87,87,87,87,87
ltu,Lithuania,,,,,,,,,2,98,95,94,95,94,95,95,96,96,95,94,95,93,93,94,94,95,94,93,92,91,90,90,89
lux,Luxembourg,,,,,,,86,88,91,,,,,,,,,,,,,,,,,,,,,,,,
lva,Latvia,,,,10,58,35,67,47,76,95,96,98,98,98,99,94,91,93,92,91,89,90,94,92,94,98,98,96,99,99,94,95,97
mar,Morocco,,,,,,,,,,43,84,92,90,95,96,95,95,97,98,98,98,99,99,99,99,99,99,99,99,99,99,99,99
mco,Monaco,,,,,,,,,99,99,99,99,99,99,99,99,99,99,99,99,99,99,99,99,99,99,99,99,99,99,99,99,99
mda,Moldova,,,,,,,,,,92,94,99,99,99,99,98,95,97,89,98,96,94,91,92,88,90,89,94,94,87,87,90,88
mdg,Madagascar,,,,,,,,,,,,51,61,71,81,82,84,77,77,70,73,68,70,68,62,68,65,74,70,68,57,57,65
mdv,Maldives,,,,,,,,,,96,98,98,98,97,98,98,98,98,98,97,96,99,99,99,99,99,99,99,98,99,96,99,99
mex,Mexico,,,,,,,,,,97,97,97,98,98,98,98,98,97,95,93,98,99,82,84,76,82,58,55,56,77,80,83,85
mhl,Marshall Islands,,,,,,,,,,38,76,80,74,72,89,97,93,97,99,97,89,80,80,79,85,73,82,84,82,86,89,87,89
mkd,North Macedonia,,,,,,,,,,,,,,,53,89,96,97,95,90,96,98,97,97,92,94,91,92,92,84,79,84,86
mli,Mali,,,,,,,,,,,,,79,73,83,90,74,74,71,72,66,65,64,66,71,76,77,77,77,70,77,77,77
mlt,Malta,,,,,,38,64,89,91,,,,,,,,,,,,,,,,,,,,,,,,
mmr,Myanmar,,,,,,,,,,,,,8,39,62,75,85,85,91,92,40,58,75,88,89,90,89,91,90,84,37,71,76
mne,Montenegro,,,,,,,,,,,,,,,,90,90,93,87,90,91,90,90,87,82,75,73,72,62,52,51,45,42
mng,Mongolia,,,,,,,,,,93,95,98,98,98,98,98,98,96,97,96,99,99,98,99,99,99,99,99,98,96,95,95,96
moz,Mozambique,,,,,,,,,,,25,76,76,76,75,75,75,75,74,74,77,80,82,85,85,85,85,85,85,71,56,55,70
mrt,Mauritania,,,,,,,,,,,,,,,42,68,74,74,64,64,75,80,80,81,73,74,76,77,80,81,77,85,90
mus,Mauritius,,,,,,,,,,88,92,88,97,98,97,97,97,99,99,99,98,98,98,97,97,72,96,97,97,93,92,95,96
mwi,Malawi,,,,,,,,,,,,64,84,89,93,99,87,91,93,93,97,96,89,91,88,84,88,92,95,94,93,86,91
mys,Malaysia,,,,,,,,,,97,95,95,95,94,96,95,96,97,96,96,96,97,96,96,99,98,98,99,97,99,94,96,97
nam,Namibia,,,,,,,,,,,,,,,,,,,,83,82,84,89,88,92,85,88,89,87,93,94,84,83
ner,Niger,,,,,,,,,,,,,,,,,,,71,70,75,71,73,81,84,80,85,79,81,81,82,84,85
nga,Nigeria,,,,,,,,,,,,,,,18,27,42,41,63,49,45,42,43,43,42,53,55,61,66,62,62,62,62
nic,Nicaragua,,,,,,,,,80,83,87,85,86,79,86,88,93,97,98,98,98,98,98,98,98,98,98,98,98,92,87,92,89
nld,Netherlands,,,,,,,96,96,96,,,,,,,,,,,,,,,,,,,,,,,,
nor,Norway,,,,,,97,96,95,94,,,,,,,,,,,,,,,,,,,,,,,,
npl,Nepal,,,,,,,,,,,,,2,27,41,69,82,82,89,82,92,90,92,92,91,87,90,91,93,84,91,90,94
nru,Nauru,,,,,,,,,,58,95,75,77,78,80,99,99,99,99,99,99,79,87,95,91,97,87,90,96,95,98,97,97
nzl,New Zealand,,,,,,,86,81,88,,,,,,,,,,,,,,,,,,,,,,,,
omn,Oman,,,,,,,,,,99,99,99,99,99,99,99,99,99,98,99,99,98,98,99,99,99,99,99,99,99,99,99,99
pak,Pakistan,,,,,,,,,,,,,62,62,65,60,54,53,52,52,63,64,65,69,72,75,75,80,84,80,83,85,86
pan,Panama,,,,,,,,,,,98,98,98,95,92,88,85,86,85,94,87,85,80,80,73,86,81,88,88,74,87,82,66
per,Peru,,,,,,,,12,28,,,,65,92,94,94,93,93,93,93,91,95,88,88,90,90,89,89,88,72,82,82,84
phl,Philippines,,,,,,,,,,7,45,42,52,48,49,77,87,87,88,88,89,89,84,79,74,84,83,83,82,81,67,82,87
plw,Palau,,,,,,,,74,96,,,,,,,,,,,,,,,,,,,,,,,,
png,Papua New Guinea,,,,,,,,,,57,59,60,67,60,63,69,58,55,64,55,58,57,59,52,49,46,36,35,35,40,32,37,35
pol,Poland,,,,,,,,,,99,95,98,97,98,98,98,98,98,98,98,98,97,96,96,96,95,93,91,90,90,89,90,90
prk,North Korea,,,,,,,,,,,,,27,98,92,96,92,92,93,93,94,96,93,93,96,96,97,97,97,97,41,,16
prt,Portugal,,,,,,,,95,91,58,70,82,94,94,94,97,97,97,96,97,97,98,98,98,98,98,98,98,98,99,99,99,99
pry,Paraguay,,,,,,,,,,,,,86,90,92,92,86,87,85,91,91,91,90,93,92,92,91,88,86,79,70,69,71
pse,Palestine,,,,,,,,,,95,92,91,97,96,99,97,98,96,97,98,99,99,99,99,99,99,99,99,99,98,95,99,91
qat,Qatar,,,,,,,92,94,92,89,93,98,93,97,97,96,94,97,99,97,93,93,97,89,99,98,97,98,98,89,98,98,95
rou,Romania,,,,,,,,,,98,98,99,98,99,98,99,99,97,95,98,96,96,96,94,90,90,92,93,90,87,86,85,78
rus,Russia,,,,,,,,,,,43,81,94,96,97,98,98,98,98,97,97,97,97,97,97,97,97,97,97,97,97,97,97
rwa,Rwanda,,,,,,,,,,,,88,96,89,95,99,97,97,97,97,97,98,98,98,98,98,98,97,98,91,88,98,94
sau,Saudi Arabia,,,,,,,,,,93,95,97,95,96,97,96,96,98,98,98,98,98,98,98,98,98,98,97,96,95,97,98,97
sdn,Sudan,,,,,,,,,,,,,,,22,60,78,78,72,75,93,92,93,94,93,93,95,93,93,90,84,68,51
sen,Senegal,,,,,,,,,,,,,,54,84,89,94,88,86,89,92,91,92,89,89,93,93,92,95,91,90,93,83
sgp,Singapore,,,,,,,,,,97,95,95,95,94,96,95,96,97,96,96,96,97,97,96,96,96,96,97,96,97,97,96,97
slb,Solomon Islands,,,,,,,,,,81,83,75,79,81,83,99,90,89,91,87,92,92,83,77,87,94,83,85,94,94,87,89,84
sle,Sierra Leone,,,,,,,,,,,,,,,,,63,77,84,86,89,91,92,83,86,84,90,93,95,91,92,91,91
slv,El Salvador,,,,,,,,,,99,75,81,94,90,89,96,99,98,91,89,89,92,92,94,94,98,92,89,96,89,97,95,96
smr,San Marino,65,69,72,76,80,84,88,92,95,,,,,,,,,,,,,,,,,,,,,,,,
som,Somalia,,,,,,,,,,,,,,,,,,,,,,,42,42,42,42,42,42,42,42,42,42,42
srb,Serbia,,,,,,,,,,,,,,89,65,93,99,93,93,89,94,97,91,92,94,91,93,91,94,87,89,92,93
ssd,South Sudan,,,,,,,,,,,,,,,,,,,,,,,,,46,45,52,59,61,67,69,73,73
stp,Sao Tome and Principe,,,,,,,,,,,,,43,70,96,75,87,99,98,98,96,96,97,95,96,96,95,95,95,96,97,92,86
svk,Slovak Republic,,,,,,3,30,36,47,98,99,99,99,99,99,99,99,99,99,99,99,99,98,97,96,96,96,96,97,97,97,97,96
svn,Slovenia,,,,,,,,,,,,,,,,,,,,,,,,,,,,,,,86,89,89
swe,Sweden,55,90,99,99,99,99,99,99,98,,,,,,,,,,,,29,30,35,42,53,67,76,92,97,97,98,94,94
swz,Eswatini,,,,,,,,,,83,86,88,90,93,95,93,92,90,88,89,91,95,98,98,90,90,90,90,90,83,77,97,85
syc,Seychelles,,,,,,,,,,97,95,98,99,99,99,99,99,99,98,99,99,98,98,99,97,96,97,99,99,97,94,97,97
syr,Syria,,,,,,,,,,79,80,80,81,82,83,83,83,83,84,84,66,52,80,56,50,59,61,60,67,62,59,59,66
tcd,Chad,,,,,,,,,,,,,,,,,,17,24,39,33,40,39,36,42,41,41,46,50,52,58,60,67
tgo,Togo,,,,,,,,,,,,,,,,,,24,78,83,85,84,84,84,82,82,83,81,84,82,83,82,85
tha,Thailand,,,,,,,,,,95,95,95,96,96,96,96,96,98,98,98,98,98,99,99,99,99,99,97,97,97,92,92,92
tjk,Tajikistan,,,,,,,,,,,,39,58,81,81,88,84,86,93,93,96,94,96,97,96,97,96,96,97,97,97,97,96
tkm,Turkmenistan,,,,,,,,,,,,96,97,96,99,98,98,96,97,96,97,98,98,97,99,98,99,99,99,99,97,98,98
tls,Timor-Leste,,,,,,,,,,,,,,,,,,79,72,72,67,83,82,77,76,79,83,83,83,83,83,83,83
ton,Tonga,,,,,,,,,,97,96,95,93,99,99,99,99,98,99,99,99,95,99,98,96,96,99,99,99,99,99,99,99
tto,Trinidad and Tobago,,,,,,,,8,49,,,,,,,,,,,,,,,,,,,,,,,,
tun,Tunisia,,,,,,,,,,94,94,93,92,96,97,99,98,99,99,98,98,97,98,98,98,98,98,97,98,97,97,97,97
tur,Turkey,,,,,,,,,,71,77,72,68,77,85,82,96,92,94,96,96,97,97,96,97,98,96,98,99,98,96,99,99
tuv,Tuvalu,,,,,,,,,,81,99,99,95,98,79,97,97,99,91,89,96,97,90,89,96,94,96,89,92,93,94,91,94
tza,Tanzania,,,,,,,,,,,,89,95,95,90,90,83,86,85,91,90,92,91,97,96,92,90,89,91,91,86,93,93
uga,Uganda,,,,,,,,,,,,29,44,62,64,64,73,71,79,80,82,83,84,85,89,93,94,93,93,89,91,89,91
ukr,Ukraine,,,,,,,,,,4,7,48,77,98,97,96,92,84,66,48,21,46,46,22,22,26,52,67,76,81,77,62,79
ury,Uruguay,,,,,,,84,75,91,92,94,95,91,94,96,95,94,94,95,95,95,95,94,95,95,95,93,91,94,92,91,94,95
usa,USA,,,,,91,91,93,93,94,,,,,,,,,,,,,,,,,,,,,,,,
uzb,Uzbekistan,,,,,,,,,,,,62,99,99,99,98,99,91,98,99,99,99,99,99,99,99,99,98,96,95,98,99,99
vct,St. Vincent and the Grenadines,,,,,,,,,,,,,31,99,99,99,99,99,99,99,96,96,97,98,99,99,99,97,98,98,99,99,94
ven,Venezuela,,,,,,,,,,5,53,60,72,82,88,71,62,53,84,78,78,81,82,78,87,84,66,60,64,54,56,43,54
vnm,Vietnam,,,,,,,,,,,,,78,94,94,93,67,87,94,88,95,97,59,95,97,96,94,75,89,94,83,91,65
vut,Vanuatu,,,,,,,,,,70,68,66,64,63,61,59,62,66,69,73,76,79,83,86,80,81,85,85,90,78,62,68,72
wsm,Samoa,,,,,,,,,,93,93,92,90,62,51,46,58,26,58,72,75,82,85,81,80,74,67,44,68,89,85,76,83
yem,Yemen,,,,,,,,,,14,19,31,38,43,80,78,79,78,76,76,69,67,71,70,63,63,59,54,60,57,56,58,46
zaf,South Africa,,,,,,,,,,73,72,72,71,76,79,83,83,76,74,71,76,70,73,85,85,85,84,82,85,84,86,85,79
zmb,Zambia,,,,,,,,,,,,,,,82,81,80,87,94,83,81,78,79,86,90,95,94,90,88,84,91,82,80
zwe,Zimbabwe,,,,,,,,,,79,76,73,70,68,65,68,72,75,73,90,94,97,95,91,87,90,89,89,90,86,88,90,90
