geo,name,1989,1990,1991,1992,1993,1994,1995,1996,1997,1998,1999,2000,2001,2002,2003,2004,2005,2006,2007,2008,2009,2010,2011,2012,2013,2014,2015,2016,2017,2018,2019,2020,2021,2022,2023
afg,Afghanistan,,,,,,,,,,,,,,,,,,,,,63,66,68,66,64,63,64,65,63,67,65,61,55,58,60
ago,Angola,,,,,,,,,,,,,,,,,,,43,45,47,49,50,52,54,55,59,59,56,63,57,51,45,42,54
alb,Albania,,,,,,99,88,96,97,94,96,,,,,,,,,,98,99,99,99,99,98,99,98,99,99,99,98,98,97,97
and,Andorra,,,,,,,,,75,80,75,,,,,,,,,,,,,,,,,,,,,,,,
are,UAE,,,,,90,90,90,90,90,96,92,92,92,94,94,94,94,92,92,92,93,94,95,96,98,99,99,99,98,99,99,90,96,96,96
arg,Argentina,,,,,,,,,,,,83,83,93,96,98,98,91,91,93,94,94,91,91,94,94,94,92,86,86,83,74,81,84,66
arm,Armenia,,,,,,,,,,,,,,,,,,,,,,48,95,95,95,93,94,94,94,92,92,92,93,96,94
aze,Azerbaijan,,,,,,,,,,,,,,,,,,,,,,,36,89,93,94,96,97,95,95,94,79,89,83,83
bdi,Burundi,,,,,,,,,,,,,,,,83,87,92,99,92,94,96,96,96,96,95,94,94,91,90,93,93,94,91,89
bel,Belgium,,,,,,,,,2,31,46,,,,,,,,,,,,,,,,,,,,,,,,
ben,Benin,,,,,,,,,,,,,,,,,35,74,82,75,79,76,75,80,77,74,74,76,75,73,72,70,70,69,69
bfa,Burkina Faso,,,,,,,,,,,,,,,,,,76,89,93,92,91,91,90,88,91,91,91,91,91,91,91,91,93,94
bgd,Bangladesh,,,,,,,,,,,,,,,,,,,,,97,94,87,94,96,97,98,98,98,98,98,98,98,98,98
bgr,Bulgaria,,,,71,96,94,95,94,77,97,97,,,,,,,,,,,91,95,95,95,83,87,92,92,92,92,91,89,91,92
bhr,Bahrain,,,,57,90,93,95,96,95,95,97,,,,,,,,,,,,,,,,,,,,,,,,
bih,Bosnia and Herzegovina,,,,,,,,,,,,,,,,49,50,82,83,83,80,83,85,87,83,79,78,69,68,62,65,69,72,75,73
blr,Belarus,,,,,,,,,,,,,,,,,,,,6,19,,21,22,23,20,9,11,9,67,91,97,98,98,98
blz,Belize,,,,,,,,,,,,,96,89,96,97,96,98,96,94,97,96,95,98,95,95,94,95,88,96,98,79,83,84,85
bol,Bolivia,,,,,,,,,,,,77,77,77,80,84,85,83,84,88,93,91,95,93,87,85,89,87,84,83,75,68,70,69,67
bra,Brazil,,,,,,4,10,15,6,13,84,90,93,93,94,95,96,97,98,99,99,99,99,95,98,95,96,89,79,83,72,77,68,77,90
brn,Brunei,,96,96,96,99,99,99,98,98,99,93,,,94,92,92,94,97,99,98,99,95,97,95,99,96,99,99,99,99,99,99,99,99,99
btn,Bhutan,,,,,,,,16,84,81,90,,,,,,,,,,,,,97,97,99,99,98,98,97,97,96,98,98,99
bwa,Botswana,,,,,,,73,62,60,77,85,,,,,,,,,,,,95,95,95,95,95,95,95,95,95,95,95,86,95
caf,Central African Republic,,,,,,,,,,,,,,,,,,,,,42,45,47,47,23,45,43,42,42,42,42,42,42,42,42
chl,Chile,,,,,,,,,,,,91,97,97,96,93,91,94,96,95,94,92,94,90,90,95,97,95,93,95,96,93,95,96,96
chn,China,,,,,,,,,,,,84,85,85,85,86,86,93,94,97,99,99,99,99,99,99,99,99,99,99,99,99,99,99,97
civ,Cote d'Ivoire,,,,,,,,,,,,,,,,,,,,,81,79,62,82,75,73,79,87,83,83,79,72,73,73,79
cmr,Cameroon,,,,,,,,,,,,,,,,,,,,,80,84,81,79,76,76,76,78,74,68,67,68,71,71,75
cod,"Congo, Dem. Rep.",,,,,,,,,,,,,,,,,,,,,71,60,70,71,71,73,70,70,71,71,73,70,65,65,60
cog,"Congo, Rep.",,,,,,,,,,,,,,,,,,,,,72,74,71,64,85,90,80,71,69,75,79,73,77,78,78
col,Colombia,,,,,,,71,95,85,75,77,65,55,69,93,89,93,93,94,92,92,88,85,92,91,90,91,91,92,92,92,88,86,87,90
com,Comoros,,,,,,,,,,,,,,,,,,,,,38,74,83,86,83,80,80,75,79,77,78,74,72,78,75
cpv,Cape Verde,,,,,,,,,,,,,,,,,,,,,,,90,94,93,95,93,96,96,98,96,93,93,93,93
cri,Costa Rica,,,,,,,,,76,86,83,92,89,93,88,90,89,88,88,87,87,90,81,90,95,91,92,97,96,94,96,97,92,95,99
cub,Cuba,,,,,84,98,99,99,98,98,99,99,99,99,99,99,94,97,97,97,96,96,96,96,96,97,99,99,99,99,99,99,99,99,99
cyp,Cyprus,,,20,27,41,54,68,88,88,88,89,,,,,,,,,,,,,,,,,,,,,,,,
cze,Czech Republic,,,,,,,,,,,,,,95,97,98,97,97,99,99,99,99,99,99,99,99,97,96,94,96,97,96,94,94,94
deu,Germany,,,,,15,32,45,57,71,81,81,,,,,,,,,,,,,,,,,,,,,,,,
dji,Djibouti,,,,,,,,,,,,,,,,,,,25,89,89,88,87,81,82,78,84,68,76,84,85,70,59,59,72
dma,Dominica,,,,,,,,,,,,,,,,,,7,93,96,99,98,98,97,96,97,98,99,91,94,99,97,92,82,56
dom,Dominican Republic,,,,,,,,,,62,76,,20,43,75,80,87,80,70,79,77,81,71,70,75,87,76,73,77,78,79,80,83,86,88
dza,Algeria,,,,,,,,,,,,,,,,,,,,93,95,95,95,95,95,95,95,91,91,91,88,84,81,77,92
ecu,Ecuador,,,,,,,,,,,,,,,54,86,90,94,95,95,93,90,88,87,87,83,78,83,85,85,85,70,68,70,70
egy,Egypt,,,,,,57,74,77,81,88,97,,,,,,,,,,,,,,,94,93,95,94,95,95,94,96,97,96
eri,Eritrea,,,,,,,,,,,,,,,,,,,,95,95,95,94,94,94,94,95,95,95,95,95,95,95,95,95
esp,Spain,,,,,,,,82,84,81,80,,,,,,,,,,,,,,,,,,,,,,,,
est,Estonia,,,,,,,,,,,,,,,,27,37,88,95,95,95,94,93,94,94,93,93,93,93,92,91,91,89,89,89
eth,Ethiopia,,,,,,,,,,,,,,,,,,,47,52,56,62,65,62,59,61,63,66,68,67,68,71,65,65,72
fin,Finland,,,,,,,,,,,,96,96,96,97,97,97,97,98,97,98,98,97,97,97,96,95,94,94,96,96,95,93,94,94
fji,Fiji,,,,,88,60,82,90,98,98,98,98,98,99,99,99,99,99,99,99,99,99,99,99,99,99,99,95,91,94,97,99,99,99,99
fra,France,,,,,,,,,,27,24,86,86,87,87,97,97,97,97,97,97,97,98,98,98,97,96,95,95,95,96,96,96,96,96
fsm,"Micronesia, Fed. Sts.",47,56,65,73,82,82,82,80,78,79,77,75,73,70,68,65,74,59,79,73,73,70,72,66,68,65,61,46,44,59,64,68,56,54,67
gab,Gabon,,,,,,,,,,,,,,,,,,,,,,67,75,82,79,70,80,75,75,70,70,63,75,60,70
geo,Georgia,,,,,,,,,,,,,,,,,,,,,,67,94,92,96,91,87,92,91,93,94,88,85,85,88
gha,Ghana,,,,,,,,,,,,,,80,80,80,84,84,94,93,94,94,91,92,90,98,88,93,99,97,97,94,98,99,95
gin,Guinea,,,,,,,,,,,,,,,,,,,,,57,64,63,57,50,44,47,47,47,47,47,47,47,47,47
gmb,Gambia,,,78,,56,57,87,88,94,92,93,90,87,89,91,93,95,95,94,97,99,97,96,98,97,96,97,95,92,93,88,85,82,79,84
gnb,Guinea-Bissau,,,,,,,,,,,,,,,,,,,,,80,86,89,87,87,86,86,85,79,82,78,74,67,74,74
gnq,Equatorial Guinea,,,,,,,,,,,,,,,,,,,,,,,,,,53,40,53,56,59,62,64,67,70,74
grc,Greece,,,10,15,2,2,12,12,50,69,88,,,,,,,,,,,,,,,,,,,,,,,,
gtm,Guatemala,,,,,,,,,,,,,,,,,87,89,85,95,92,94,88,96,96,74,70,83,91,85,88,90,80,81,83
guy,Guyana,,,,,,,,,,,,,85,91,90,91,93,93,94,93,98,95,93,97,98,98,95,97,97,95,99,99,98,98,98
hnd,Honduras,,,,,,,,,,,,93,95,94,91,93,97,94,93,92,97,97,97,98,99,99,98,95,90,91,88,80,77,78,73
hrv,Croatia,,,,,,,,,,,,,,79,95,95,96,96,96,96,96,97,96,96,96,95,94,93,92,94,94,93,92,92,91
hti,Haiti,,,,,,,,,,,,,,,,,,,,,,,,,68,63,64,64,64,64,51,51,51,51,51
hun,Hungary,,,,,,,,,,,,99,99,99,99,99,99,99,99,99,99,99,99,99,99,99,99,99,99,99,99,99,99,99,99
idn,Indonesia,,,,28,43,42,50,62,65,76,77,,,,,,,,,,,,,,4,30,84,84,85,85,85,77,67,91,83
ind,India,,,,,,,,,,,,,,,,,,,,,,,,,20,20,45,80,89,90,91,85,85,93,91
irl,Ireland,,,,,,,,,,,,85,84,83,86,89,90,91,92,93,93,94,95,95,95,96,95,95,95,94,94,94,93,93,93
irn,Iran,,,,,,62,59,84,93,94,95,,,,,,,,,,,,,,,,98,99,99,99,99,99,98,99,99
irq,Iraq,,,,,,40,57,22,65,3,52,,,,,,,,,,,,,36,68,70,68,71,81,86,84,74,78,93,91
isr,Israel,,,,92,92,92,93,96,97,97,96,,,,,,,,,,,,,,,,,,,,,,,,
ita,Italy,,,95,95,95,95,95,95,95,95,97,,,,,,,,,,,,,,,,,,,,,,,,
jam,Jamaica,,,,,,,,,,,,,,,35,98,99,97,91,91,90,94,91,96,93,92,91,99,93,98,96,96,90,98,98
jor,Jordan,,,,,,,54,85,90,91,92,,59,95,97,95,95,98,98,97,98,98,98,98,98,98,99,98,99,96,89,77,85,92,96
jpn,Japan,,,,,,,,,,,,,,,,,,,,,,,99,99,99,99,96,99,99,99,98,95,99,99,98
kaz,Kazakhstan,,,,,,,,,,49,90,,,,,,,,,49,97,96,95,97,98,95,98,82,99,98,97,88,95,99,99
ken,Kenya,,,,,,,,,,,,,,84,73,73,76,80,81,88,88,90,96,94,87,92,89,88,81,91,93,93,95,94,93
kgz,Kyrgyz Republic,,,,,,,,,,,10,,,,,,,,,,,96,96,96,97,96,97,96,92,93,94,86,88,90,86
khm,Cambodia,,,,,,,,,,,,,,,,,,,,,,86,88,89,86,90,91,91,90,89,88,87,87,85,85
kir,Kiribati,,73,7,6,8,36,36,66,97,89,82,,,,,,,,,83,86,91,95,94,95,75,82,81,90,95,97,92,90,91,90
kna,St. Kitts and Nevis,,,,,,,,,,99,99,12,99,95,99,95,99,99,99,97,97,96,98,98,97,98,94,98,98,98,97,99,96,96,96
kor,South Korea,,,,,,,99,93,88,82,88,,,,,,,,,,,,,,,97,98,97,97,98,98,96,98,96,96
kwt,Kuwait,,,,38,91,93,99,99,98,99,95,98,99,99,99,98,99,99,99,99,99,98,99,98,99,95,99,99,99,91,92,93,94,96,99
lao,Lao,,,,,,,,,,,,,,,,,,,,,,74,76,77,83,83,83,83,84,85,80,79,75,80,84
lbn,Lebanon,,,,,,,,,,,86,,,,,,,,,,,,,,,,,,,,,,,,
lbr,Liberia,,,,,,,,,,,,,,,,,,,,75,81,70,77,80,80,63,65,73,80,80,70,65,66,78,82
lby,Libya,,,,88,91,92,92,93,91,92,92,,,,,,,,56,98,98,98,98,98,96,94,97,97,96,73,73,73,73,73,73
lca,St. Lucia,,,,,,,,,,,,,,14,84,91,95,85,99,96,95,97,99,98,99,99,99,95,80,95,92,86,80,81,74
lka,Sri Lanka,,,,,,,,,,,,,,,,,,,,,,99,99,99,99,99,99,99,99,99,99,96,96,98,99
lso,Lesotho,,,,,,,,,,,,,,,,,,,,,91,94,96,95,93,88,83,87,87,87,87,87,87,87,87
ltu,Lithuania,,,,,,,,,,73,96,2,4,5,10,35,61,94,95,96,98,95,92,93,93,93,93,94,94,92,92,91,90,90,90
lux,Luxembourg,,,,,,,,,49,58,67,,,,,,,,,,,,,,,,,,,,,,,,
lva,Latvia,,,,,,,,,,9,94,79,84,87,96,98,99,96,94,94,94,90,91,90,94,92,94,98,98,96,99,99,93,95,98
mar,Morocco,,,,,,,,,,,10,,,,,,,,91,99,99,99,99,99,99,99,99,99,99,99,99,99,99,99,99
mco,Monaco,,,,,,,,,,,99,99,99,99,99,99,99,99,99,99,99,99,99,99,99,99,99,99,99,99,99,99,99,99,99
mda,Moldova,,,,,,,19,81,87,93,94,,,,,,,,,,47,63,78,90,89,89,86,89,88,92,90,86,87,87,87
mdg,Madagascar,,,,,,,,,,,,,,,,,,,,52,77,71,73,68,70,68,62,68,65,74,70,68,57,57,65
mdv,Maldives,,,,,21,63,80,96,50,45,90,,,,,,,,,,,,,,58,99,99,99,99,99,98,99,96,99,99
mex,Mexico,,,,,,,,,,,,97,97,97,98,98,98,98,98,96,95,95,97,99,83,87,87,93,85,88,82,72,78,83,85
mhl,Marshall Islands,3,10,17,24,17,46,47,68,70,80,80,45,45,80,70,46,69,60,83,92,99,92,80,67,66,65,70,58,65,72,72,75,72,68,72
mkd,North Macedonia,,,,,,,,,,,,,,,,,,,,13,82,89,96,95,97,94,89,94,91,92,92,84,81,84,86
mli,Mali,,,,,,,,,,,,,,,,,1,16,44,74,73,73,66,65,64,66,71,76,77,77,77,70,77,77,77
mmr,Myanmar,,,,,,,,,,,,,,,,,,,,,,,,,75,88,89,90,89,91,90,84,37,71,76
mne,Montenegro,,,,,,,,,,,,,,,,,,90,89,93,87,90,90,94,94,91,89,89,87,86,85,84,83,80,81
mng,Mongolia,,,18,47,69,67,88,93,88,91,92,,,,,,28,56,78,96,97,96,99,99,98,99,99,99,99,99,98,96,95,95,96
moz,Mozambique,,,,,,,,,,,,,,,,,,,,,74,74,77,80,82,85,85,85,85,85,85,71,56,55,70
mrt,Mauritania,,,,,,,,,,,,,,,,,,,,,64,64,75,80,80,81,73,74,76,77,80,81,77,85,90
mus,Mauritius,,,,,,,,,90,90,85,,,,,,,96,96,99,99,99,98,98,98,97,97,96,96,97,97,93,92,95,96
mwi,Malawi,,,,,,,,,,,,,,64,84,89,93,99,87,91,93,93,97,96,89,91,88,84,88,92,95,94,93,86,91
mys,Malaysia,69,86,89,86,86,94,96,96,97,96,96,,,,,71,85,89,90,95,95,95,95,99,97,97,99,98,99,99,98,98,94,97,97
nam,Namibia,,,,,,,,,,,,,,,,,,,,,,83,82,84,89,88,92,85,88,89,87,93,94,84,83
ner,Niger,,,,,,,,,,,,,,,,,,,,,71,70,75,71,73,81,84,80,85,79,81,81,82,84,85
nga,Nigeria,,,,,,,,,,,,,,,,,,,,,,,,10,27,43,42,53,55,61,66,62,62,62,62
nic,Nicaragua,,,,,,,,,,,80,83,87,85,86,79,86,88,93,97,98,98,98,98,98,98,98,98,98,98,98,92,87,92,89
npl,Nepal,,,,,,,,,,,,,,,,,,,,,,,92,90,92,92,91,87,90,91,93,84,91,90,94
nru,Nauru,,,79,90,99,79,57,72,86,29,62,,,,,,,,,,99,99,99,79,87,95,91,97,87,90,96,95,98,97,97
nzl,New Zealand,,,,67,74,81,88,94,99,87,89,,,,,,,,,,,,,,,,,,,,,,,,
omn,Oman,,,94,99,96,99,99,99,99,99,99,,,97,99,99,99,98,99,99,98,99,99,98,98,99,99,99,99,99,99,99,99,99,99
pak,Pakistan,,,,,,,,,,,,,,,,,,,,,52,52,63,64,65,69,72,75,75,80,84,80,83,85,86
pan,Panama,,,,,,,,,,,,,99,99,98,95,92,88,85,86,85,94,87,85,80,80,73,86,81,88,88,74,87,82,66
per,Peru,,,,,,,,,,,,43,38,40,41,96,94,94,93,93,93,93,91,95,88,88,90,90,89,89,88,72,82,82,84
phl,Philippines,,,,,,,38,35,31,30,32,,,,,,,,,,,2,14,89,84,79,74,84,84,84,84,83,69,84,89
plw,Palau,,,89,75,94,73,99,99,90,96,96,,,,,,,,,,,,,,,,,,,,,,,,
png,Papua New Guinea,,20,19,12,7,20,23,43,44,47,54,,,,,,,,,,64,55,58,57,59,52,49,46,36,35,35,40,32,37,35
pol,Poland,,,1,1,1,4,23,56,97,99,99,,,,,,22,31,88,98,99,99,99,99,99,98,98,98,96,95,95,94,94,94,94
prk,North Korea,,,,,,,,,,,,,,,,,,,,,,,,32,93,93,96,96,97,97,97,97,41,,16
prt,Portugal,,,,,,,6,34,49,64,61,86,90,94,99,95,93,97,97,97,96,97,97,98,98,98,98,98,98,99,99,99,99,99,99
pry,Paraguay,,,,,,,,,,,,,,,86,92,93,92,88,87,85,91,91,91,90,93,92,92,91,88,86,79,70,69,71
pse,Palestine,,,,,,,,,,,,,,,,,,,96,96,97,99,99,97,99,99,99,99,99,99,99,98,95,98,88
qat,Qatar,,,86,89,93,90,90,90,90,92,92,80,93,96,92,96,97,96,94,97,99,97,93,97,93,89,99,98,97,98,98,89,98,98,95
rou,Romania,,,,,,,,99,99,99,99,,,,,,,,,,,,89,92,91,90,89,89,82,86,88,87,86,85,78
rus,Russia,,,,,,,,,,,,,,,,,,,,,,,,,,,,,,,,,,88,95
rwa,Rwanda,,,,,,,,,,,,,,88,96,89,95,99,97,97,97,97,97,98,98,98,98,98,98,97,98,91,88,98,94
sau,Saudi Arabia,,66,86,89,93,94,93,92,91,95,92,,,95,95,96,96,96,96,98,98,98,98,98,98,98,98,98,98,96,96,95,97,98,97
sdn,Sudan,,,,,,,,,,,,,,,,,,,,78,72,75,93,92,93,94,93,93,95,93,93,89,84,68,51
sen,Senegal,,,,,,,,,,,,,,,,,18,89,94,88,86,89,92,91,92,89,89,93,93,92,95,91,90,93,83
sgp,Singapore,,74,76,78,90,94,96,96,97,96,96,,,,,,,,,,,,,,85,86,96,96,96,97,96,98,98,97,98
slb,Solomon Islands,,,,,53,65,68,97,73,75,79,,,,,,,,,89,87,87,92,92,83,77,87,94,83,85,94,94,87,89,84
sle,Sierra Leone,,,,,,,,,,,,,,,,,,,63,77,84,86,89,91,92,83,86,84,90,93,95,91,92,91,91
slv,El Salvador,,,,,,,,,,,1,,,81,94,90,89,96,99,98,91,89,89,92,92,94,94,98,92,89,96,89,97,95,96
smr,San Marino,,,99,99,98,98,98,98,97,97,97,,,,,,,,,,,,,,,,,,,,,,,,
som,Somalia,,,,,,,,,,,,,,,,,,,,,,,,,42,42,42,42,42,42,42,42,42,42,42
srb,Serbia,,,,,,,,,,,,,,,,,,42,89,98,94,91,93,90,92,94,95,92,95,96,97,92,91,92,93
ssd,South Sudan,,,,,,,,,,,,,,,,,,,,,,,,,,,46,45,52,59,61,67,69,73,73
stp,Sao Tome and Principe,,,,,,,,,,,,,,,,,,,,,,98,96,96,97,95,96,96,95,94,95,96,97,92,86
svk,Slovak Republic,,,,,,,,,,,,59,70,92,99,99,99,99,99,99,99,99,99,99,98,97,96,96,96,96,97,97,97,97,96
svn,Slovenia,,,,,,,,,,,,,93,93,95,94,95,97,97,97,96,96,96,96,95,95,95,94,94,93,95,95,86,89,89
swe,Sweden,,,,,,,,,,,,98,98,98,99,99,98,98,98,98,98,98,98,98,98,97,98,98,97,97,97,97,98,94,94
swz,Eswatini,,,,,,,,76,76,78,81,,,,,,,,,,89,89,91,95,98,98,90,90,90,90,90,83,77,97,85
syc,Seychelles,,,,,,,99,98,97,97,99,,,,,,,,,,,99,99,98,98,99,97,96,97,99,99,97,94,97,97
syr,Syria,,,,5,23,64,74,75,76,77,78,,84,83,82,81,80,80,80,79,80,80,72,58,54,56,54,55,61,60,67,62,61,59,66
tcd,Chad,,,,,,,,,,,,,,,,,,,,17,24,39,33,40,39,36,42,41,41,46,50,52,58,60,67
tgo,Togo,,,,,,,,,,,,,,,,,,,,24,78,83,85,84,84,84,82,82,83,81,84,82,83,82,85
tha,Thailand,,,,15,58,66,93,93,94,95,95,,,,,,,,,,,,,,,,,,,,,45,84,83,83
tjk,Tajikistan,,,,,,,,,,,,,,,,,,,,46,93,93,96,94,96,97,96,97,96,96,97,97,97,97,96
tkm,Turkmenistan,,,,,,,,,,,,,,,,,,,,,,58,71,97,97,97,99,98,99,99,99,99,97,98,98
tls,Timor-Leste,,,,,,,,,,,,,,,,,,,,,,,,,82,77,76,79,83,83,83,83,83,83,83
ton,Tonga,,94,88,82,96,90,91,94,95,96,93,,,,,,99,99,99,99,99,99,99,95,99,98,96,96,99,99,99,99,99,99,99
tun,Tunisia,,,,,,,,83,88,91,94,,,,96,97,80,,,,,,43,97,98,98,98,98,98,97,98,97,97,97,97
tur,Turkey,,,,,,,,,,,,,,,,,,,76,96,96,97,97,97,98,96,97,98,96,98,99,98,95,99,99
tuv,Tuvalu,,,,,,17,49,86,88,96,93,,,,,,,,,,84,89,96,97,90,89,96,94,96,89,92,93,94,91,94
tza,Tanzania,,,,,,,,,,,,,,,,,,,,,85,91,90,92,91,97,96,92,90,89,91,91,86,93,93
uga,Uganda,,,,,,,,,,,,,,29,44,62,64,64,73,71,79,80,82,83,84,85,89,93,94,93,93,89,91,89,91
ukr,Ukraine,,,,,,,,,,,,,,,,,,11,46,81,66,51,26,83,83,38,38,47,39,58,80,85,87,70,78
ury,Uruguay,,,,,,,,,,,93,88,90,95,91,94,96,95,94,94,95,95,95,95,94,95,95,95,93,91,94,92,91,94,95
usa,USA,,,,,16,42,68,82,84,87,88,,,,,,,,,,,,,,,,,,,,,,,,
uzb,Uzbekistan,,,,,,,,,,,,,,,,,,,,,98,99,99,99,99,99,99,99,99,98,96,95,98,99,99
vct,St. Vincent and the Grenadines,,,,,,,,,,,,,,,27,99,99,99,99,99,99,99,96,97,98,98,99,99,99,97,98,98,99,99,94
ven,Venezuela,,,,,,,,,,,,2,34,59,54,60,87,71,62,51,84,78,78,81,82,78,87,84,66,60,64,54,56,43,54
vnm,Vietnam,,,,,,,,,,,,,,,,,,,,,,63,95,97,59,95,97,96,94,75,89,94,83,91,65
vut,Vanuatu,,,46,82,82,69,66,69,75,73,71,,,,,,,,,,,,64,64,86,86,80,81,85,85,90,78,62,68,72
wsm,Samoa,,,,18,1,94,96,98,99,98,97,,,,,,,,,32,55,70,74,82,85,81,80,74,67,44,68,89,85,76,83
yem,Yemen,,,,,,,,,,,9,,,,,,43,73,75,75,74,75,69,67,71,70,63,63,59,54,60,57,56,58,46
zaf,South Africa,,,,,,,,,74,74,73,73,71,70,69,75,82,84,84,80,77,72,71,69,79,85,85,85,84,82,85,84,86,85,79
zmb,Zambia,,,,,,,,,,,,,,,,83,82,81,80,87,94,83,81,78,79,86,90,95,94,90,88,84,91,82,80
zwe,Zimbabwe,,,,,,,1,9,16,24,31,,,,,,,,,75,73,90,94,97,95,91,87,90,89,89,90,86,88,90,90
